type,properties/name,properties/description,properties/phone,properties/link/text,properties/address/street,properties/address/zip,properties/address/city,geometry/type,geometry/coordinates/0,geometry/coordinates/1
Feature,Apostle Islands Marina,"Over 135 slips, provides gasoline, diesel, electricity, pump-out, ice, restrooms and showers. 30-ton Travelift, complete Rigging Service Center.",715-779-5661,apostleislandsmarina.net,South 1st Street,54814,Bayfield,Point,-90.81416,46.80951
Feature,Bayfield City Dock,"Provides 30 slips, water, electricity, bathrooms, and restaurants.",715-779-5712,cityofbayfield.com/city-dock.html,Rittenhouse Avenue,54814,Bayfield,Point,-90.81354,46.80837
Feature,City of Port Washington Marina,"Offers 220 slips, provides gas, diesel, pump-out, restrooms, showers, laundry, convenience store, ice, boat launch, picnic area, and  free Wi-Fi.",262-284-6606,port-washingtonmarina.com,106 N. Lake St,53704,Port Washington,Point,-87.86667,43.38794
Feature,SG-Harbor Centre Marina,"Offers over 170 slips, provides gas, pump-out, mechanical services, laundry, showers, restrooms, boat launch, swimming pool, tennis courts, picnic area, convenience store, Cable TV and Wi-Fi.",920-458-6665,harborcentremarina.com,821 Broughton Drive,53081,Sheboygan,Point,-87.70075,43.75366
Feature,Lakeshore Towers Marina,Offers about 50 slips.,262-639-7737,www.facebook.com/LakeshoreTowersMarina,333 Lake Avenue,53403,Racine,Point,-87.78083,42.73028
Feature,McKinley Marina,"Offers 655 slips, gas, diesel, electricity, pump-out, boat launch, restrooms, winter storage, and a convenience store.",414-273-5224,county.milwaukee.gov/BoatingampMcKinleyMa9139.htm,1750 N. Lincoln Memorial Drive,53202,Milwaukee,Point,-87.88814,43.04932
Feature,Milwaukee Yacht Club,"The Yacht Club offers boat storage, docking and launching as well as a site for dining, private parties, weddings  and business meetings.",414-271-4455,www.milwaukeeyc.com,1700 N. Lincoln Memorial Dr.,53202,Milwaukee,Point,-87.88579,43.052028
Feature,Nestegg Marine,"Offers boat slips, provides gas, diesel, pump-out, electricity, mechanical services, ice, restrooms, showers, laundry, cable TV, free Wi-Fi, convenience store, and boat launch.",715-732-4466,nesteggmarine.com,300 Wells St,54143,Marinette,Point,-87.62573,45.10137
Feature,Pikes Bay Marina,"Offers 208 slips, provides gas, diesel, electricity, pump-out, mechanical services, 35-Ton Travel Lift, restrooms, storage, free Wi-Fi, and Cable TV.",715-779-3900,pikesbaymarina.com,84190 Pikes Bay Road,58414,Bayfield,Point,-90.85379,46.78943
Feature,Racine Yacht Club,"Offers sailing lessons, private beach, playground, dining area, and slips for members. Check out their website for more information regarding membership.",262-634-8585,racineyachtclub.org,1 Barker Street,53402,Racine,Point,-87.7781,42.73706
Feature,Reefpoint Marina,"Offers boat slips, fuel, pump-out, mechanical services, storage, convenience store, Wi-Fi, pool, and picnic area.",262-633-7171,skipperbuds.com,#2 Christopher Columbus Causeway,53403,Racine,Point,-87.77764,42.73032
Feature,Skipper Bud's Yacht Center Quarterdeck Marina,Offers 250 slips.,920-746-8200,skipperbuds.com,705 Quarterdeck Lane,54235,Sturgeon Bay,Point,-87.37328,44.8231
Feature,Southport Marina,"Over 250 slips, provides gas, diesel, electricity, pump-out, mechanical services, 75-ton Travel Lift, heated storage, laundry, restrooms, and free Wi-Fi.",262-657-5565,spmarina.net,21 56th St,53140,Kenosha,Point,-87.81126,42.58506
Feature,South Bay Marina,"Offers about 70 slips, provides gas, diesel, pump-out, repair services, laundry, restrooms, boat launch, heated pool, refreshments, and heated storage.",920-884-1464,southbaymarina.com,101 Bay Beach Road,54302,Green Bay,Point,-87.99844,44.53873
Feature,South Shore Yacht Club,"Facilities include tender service, dinghy storage, 230 slips, fuel dock, winter storage, and clubhouse.",414-481-2331,ssyc.org,2300 East Nock Street,53207,Milwaukee,Point,-87.88273,42.99774
Feature,The Harbor Club Marina,"Offers over 50 boat slips, provides pump-out, Wi-Fi, Cable TV, swimming pool, and dockside restaurant.",920-746-8200,skipperbuds.com,133 N. Madison Ave,54235,Sturgeon Bay,Point,-87.38347,44.83116
Feature,Village of Egg Harbor Municipal Marina,"Over 60 slips, provides gas, diesel electricity, pump-out, boat launch, laundry, restrooms and ice, fishing provisions, first aid, free Wi-Fi, Cable TV.",920-868-3334,eggharbormarina.com,7815 Dock Road,54209,Egg Harbor,Point,-87.28263,45.05033
Feature,Washburn Marina,"Over 140 slips, provides gas, diesel, pump-out, mechanical services, restroom, showers, 150-Ton Travel Lift, free Wi-Fi, Cable and Satellite TV, and other amenities.",715-373-5050,http://www.washburnmarina.com,1 Marina Drive,54891,Washburn,Point,-90.88798,46.66834
Feature,Barker's Island Marina,"Offers 420 boat slips, complete yacht services, 35 ton open end travelift, parts and accessories, complete repair services for power and sail, and transient dockage.",715-392-7131,barkersislandmarina.com,250 Marina Dr,54880,Superior,Point,-92.05416,46.71632
Feature,Gaslight Pointe Marina,"Provides restrooms, showers, ice, water, electricity, and private waterfront leisure space.",262-637-0400,gaslightpointemarina.com,217 Gaslight Circle,53403,Racine,Point,-87.77969,42.73143
Feature,Jerry's Dock,"Offers scuba diving tours of Milwaukee area shipwrecks as well as salvage, boat towing, and mooring work.",414-588-6764,diveaai.com/local-diving/local-maps/len-der-charters-milwaukee,318 S. Water St.,53215,Milwaukee,Point,-87.9058,43.0281
Feature,Madeline Island Yacht Club,"Full service 150-slip marina. Provides diesel, gasoline, electricity, water, pump-outs, restrooms with showers and a complete repair facility.",715-747-2655,miyc.net,Main Street,54850,La Pointe,Point,-90.78084,46.77274
Feature,Manitowoc Marina,"Offers 250 slips, mechanical services, boat storage, convenience store, restrooms.",920-682-5117,manitowoc-marina.com,425 Maritime Drive,54221,Manitowoc,Point,-87.64962,44.0961
Feature,Port Superior Marina,"Rental and transient dockage. Full service repair facility, ship store, fuel dock and pump out, restaurant and bar, charter boat rental office and onsite boat broker.",715-779-5360,portsuperior.com,34480 Port Superior Rd.,54814,Bayfield,Point,-90.852945,46.791237
Feature,Oconto Breakwater Park Marina,"Offers fifty slips for boats 30-50 feet, water, electricity, showers, bathrooms, and fish cleaning station.",920-834-7706,cityofoconto.com/Harbor.html,1345 Harbor Rd,54153,Oconto,Point,-87.83107,44.89437
Feature,Racine Riverside Marine,"Offers boat sales, accessories, services, and more.",262-636-8020,racineriverside.com,950 Erie Street,53402,Racine,Point,-87.78649,42.7328
Feature,Roy's Point Marina,"Provides diesel, gasoline, pump-out, water, electricity, ice and cable TV hookup at each of the 41 slips. Includes boaters' lounge and restrooms with showers.",715-779-5025,royspoint.com,37735 Roys Point Boulevard,54814,Bayfield,Point,-90.78593,46.84154
Feature,Seagull Marina,"Facilities include permanent and overnight dockage, gas, pump-out, launch ramp, fishing licenses,  fish cleaning station, fish freezing, complete fishing and marine supplies and live bait.",920-794-7533,seagullmarina.com,1400 Lake Street,54241,Two Rivers,Point,-87.56683,44.14543
Feature,Sister Bay Marina,"The marina has one hundred seasonal slips, forty transient slips, and ten commercial slips.",920-854-4457,www.sisterbaymarina.com,Bayshore Rd.,54234,Sister Bay,Point,-87.119701,45.193278
Feature,West Shore Marine Inc.,"Full service boatyard, storage, 30 slips with water, electricity, and WiFi, and restrooms with showers.",262-632-2724,westshoreinc.com,811 Ontario St,54302,Racine,Point,-87.78547,42.73057
Feature,Port Wing Marina,"Provides gas, pump-out, water, electricity, and restrooms with showers.",715-774-3555,portwingmarina.net,9130 Beach Road,54865,Port Wing,Point,-91.38268,46.79109
Feature,Siskiwit Bay Marina,"15-ton Mobile Boat Lift, 10 ton hydraulic yard trailer.  Provides gasoline, diesel, pump-out, water and electricity. Small ship's store and gift shop. Restrooms and showers. Winter storage.",715-742-3337,,Cedar Road,54827,Cornucopia,Point,-91.10268,46.85716
Feature,Schooner Bay Marina,"Approx. 50 slips, provides water, electricity, restrooms and showers. Launching and haul outs limited to boats up to 40 ft.",715-779-5849,,90580 Pageant Road,54814,Bayfield,Point,-90.7725,46.88196
Feature,Buffalo Bay Marina,"Approx. 40 slips, electricity and water provided for some slips.  Small boat launching ramp, no hauling facilities.",715-799-3743,redcliff-nsn.gov,Red Cliff Campground Road,54814,Bayfield,Point,-90.78592,46.85448
Feature,Blackhawk Marina,"60-slip complex, provides electricity, water, pump-out, restrooms and showers.",,,14 Wilson Ave,54814,Bayfield,Point,-90.81813,46.80768
Feature,Apostle Islands Yacht Club,"Private club, provides water, electricity, restrooms with showers, and a picnic/barbeque area.",715-779-3054,aiyc.net,305 South 3rd Street,54814,Bayfield,Point,-90.81866,46.8077
Feature,Ashland Marina,"140-slip complex provides gasoline, diesel, pump-out, electricity, restrooms with showers, and a ship's store.",715-682-7049,ashland.wi.us,Tri County Corridor,54806,Ashland,Point,-90.88701,46.59469
Feature,Saxon Harbor,"Provides gasoline, diesel, pump-out, water, electricity, and restrooms with showers. Equipped with 25-ton Travelift, winter storage, and an NOAA weather station.",715-561-4153,saxonharborboatingclub.org,Harbor Drive,54559,Saxon,Point,-90.43825,46.56165
Feature,Harbor Town Marine Inc.,"Full service marine facility with mechanics, a ship's store, lifts, personal watercraft, and storage space.",715-732-9005,,203 E Russell St,54143,Marinette,Point,-87.59565,45.09174
Feature,Hi Seas Marina,"Provides fuel and pump-out, 24hr restrooms with showers. Includes maintenance and repair service, ship's store, and indoor and outdoor storage.",920-834-2565,hiseasmarina.com,1711 Harbor Road,54153,Oconto,Point,-87.84688,44.88804
Feature,Oconto Yacht Club,"Includes 38 slips and outdoor storage. Services include gasoline, pump-out, club house with kitchen, laundry, restrooms with shower, and picnic areas.",920-830-8562,ocontoyachtclub.info,1781 Yacht Club Road,54153,Oconto,Point,-87.85187,44.88599
Feature,Windjammer's Sailing Club,"Slips for 52 boats, includes boat launch and 1-ton lift. Clubhouse with meeting room, bar room, and restrooms with showers.",920-434-6850,windjammerssailingclub.com,4009 Channel Road,54173,Suamico,Point,-88.00503,44.65181
Feature,Shipyard Marine,"Services include storage, repair, tune-ups, winterization, and more.",920-434-2000,yachtworld.com,780 Longtail Beach Road,54173,Suamico,Point,-88.01399,44.61445
Feature,The Boat Yard,"Services include dry storage, maintenance, painting, restoration, storage, and winterizing.",920-435-7811,theboatyard.us,1028 McDonald Street,54303,Green Bay,Point,-88.01053,44.52705
Feature,Riverplace Marina & Yacht,"<table width=""330"" border=""0"" cellpadding=""4"" cellspacing=""0""><tr><tr></tr><tr><td colspan=""2"" align=""left""><table width=""100%"" border=""0"" align=""center"" cellpadding=""0"" cellspacing=""0""><tr><td><font color=""#000099"" size=""+2""><strong>Riverplace Marina & Yacht</strong></font></td></tr><tr><td><table width=""98%""><tr><td width=""13%""></td><td>457 Marina Lane</td><tr><td width=""13%""></td><td>Green Bay, WI 54304</td></tr></table></table><tr><td><tr><td align=""center""><p><font color=""#0000FF""><a href=""http://www.riverplacemarina.com"">riverplacemarina.com</a>&nbsp;&nbsp;&nbsp;&nbsp;&nbsp;&nbsp;</font><strong>|</strong>&nbsp;&nbsp;&nbsp;&nbsp;&nbsp;</strong><font color=""#000000"">920-436-9920</font></p></td></tr><tr><td colspan=""2""><tr><td colspan=""2"" align=""center"" valign=""top""><hr><a href=""http://www.wisconsincoastalguide.org/"">www.wisconsincoastalguide.org</a></td></tr></table></table></td></tr>",920-436-9920,riverplacemarina.com,457 Marina Lane,54304,Green Bay,Point,-88.04913,44.47806
Feature,Allouez Yacht Harbor Inc.,"<table width=""330"" border=""0"" cellpadding=""4"" cellspacing=""0""><tr><tr></tr><tr><td colspan=""2"" align=""left""><table width=""100%"" border=""0"" align=""center"" cellpadding=""0"" cellspacing=""0""><tr><td><font color=""#000099"" size=""+2""><strong>Allouez Yacht Harbor Inc.</strong></font></td></tr><tr><td><table width=""98%""><tr><td width=""13%""></td><td>1310 Marine Street</td><tr><td width=""13%""></td><td>Green Bay, WI 54301</td></tr></table></table><tr><td><tr><td align=""center""><p><font color=""#0000FF""><a href=""http://www.helloallouez.com"">helloallouez.com</a>&nbsp;&nbsp;&nbsp;&nbsp;&nbsp;&nbsp;</font><strong>|</strong>&nbsp;&nbsp;&nbsp;&nbsp;&nbsp;</strong><font color=""#000000"">920-430-9300</font></p></td></tr><tr><td colspan=""2""><tr><td colspan=""2"" align=""center"" valign=""top""><hr><a href=""http://www.wisconsincoastalguide.org/"">www.wisconsincoastalguide.org</a></td></tr></table></table></td></tr>",920-430-9300,helloallouez.com,1310 Marine Street,54301,Green Bay,Point,-88.0225,44.49572
Feature,Green Bay Yachting Club Inc.,"Provides 83 slips, economical fuel, winter storage, and a clubhouse with a bar.",920-432-0168,greenbayyachtclub.com,100 Bay Beach Road,54305,Green Bay,Point,-88.00253,44.53554
Feature,Eagles Nest Supper Club Marina,"<table width=""330"" border=""0"" cellpadding=""4"" cellspacing=""0""><tr><tr></tr><tr><td colspan=""2"" align=""left""><table width=""100%"" border=""0"" align=""center"" cellpadding=""0"" cellspacing=""0"">  <tr>     <td><font color=""#000099"" size=""+2""><strong>Eagles Nest Supper Club Marina</strong></font></td>  </tr>  <tr><td><table width=""98%"">  <tr>  <td width=""13%""></td>  <td>3261 Nicolet Dr</td>    <tr>    <td width=""13%""></td>    <td>Green Bay, WI 54311</td>    </tr></table></table><tr><td><tr><td align=""center""><p><font color=""#000000"">920-468-0976</font></p></td></tr><tr><td colspan=""2""><tr><td colspan=""2"" align=""center"" valign=""top""><hr><a href=""http://www.wisconsincoastalguide.org/"">www.wisconsincoastalguide.org</a></td></tr></table></table></td></tr>",920-468-0976,,3261 Nicolet Dr,54311,Green Bay,Point,-87.90604,44.56343
Feature,Chaudoir's Dock,"<table width=""330"" border=""0"" cellpadding=""4"" cellspacing=""0""><tr><tr></tr><tr><td colspan=""2"" align=""left""><table width=""100%"" border=""0"" align=""center"" cellpadding=""0"" cellspacing=""0"">  <tr>     <td><font color=""#000099"" size=""+2""><strong>Chaudoir's Dock</strong></font></td>  </tr>  <tr><td><table width=""98%"">  <tr>  <td width=""13%""></td>  <td>1552 County N</td>    <tr>    <td width=""13%""></td>    <td>Brussels, WI 54204</td>    </tr></table></table><tr><td colspan=""2""><p><font color=""#000000"">Facilities include a boat launch, picnic area, parking and restrooms.</font></p></td></tr><tr><td><tr><td align=""center""><p><font color=""#0000FF""><a href=""http://map.co.door.wi.us/parks/Chaudoirs-Dock.htm"">Chaudoirs-Dock.htm</a></font></p></td></tr><tr><td colspan=""2""><tr><td colspan=""2"" align=""center"" valign=""top""><hr><a href=""http://www.wisconsincoastalguide.org/"">www.wisconsincoastalguide.org</a></td></tr></table></table></td></tr>",,Chaudoirs-Dock.htm,,,,Point,-87.69825,44.74671
Feature,Wave Pointe Marina and Resort,"Full service marina with 124 slips, diesel, gas, pump-out, cable, WiFi, and restrooms with showers. Bar, restaurant, and outdoor pool on-site.",920-824-5437,wavepointe.com,3600 County Road CC,54235,Sturgeon Bay,Point,-87.55953,44.84499
Feature,Stone Harbor Marina,"Provides water and electricity, restrooms with showers, an on-site restaurant, and a resort hotel.",920-743-6526,baymarine.net,155 East Redwood,54235,Sturgeon Bay,Point,-87.37764,44.82584
Feature,Sturgeon Bay Yacht Club,"Provides fuel dock with gas, diesel, and pump-out, WiFi, laundry, and restrooms with showers. Includes yacht repair, certified technicians, and a 70-ton Travelift.",920-743-6934,sturgeonbayyachtclub.com,600 Nautical Drive,54235,Sturgeon Bay,Point,-87.37551,44.8243
Feature,Leathem Smith Lodge and Marina,"52-slip marina. Lodge has tennis courts, a pool, bar, and restaurant on site.",920-743-5555,lslodge.com,1640 Memorial Drive,54235,Sturgeon Bay,Point,-87.35621,44.82341
Feature,Centerpointe Marina,"150-slip complex able to accommodate yachts up to 250 feet. Clubhouse with lounge, laundry, and restrooms with showers.",920-746-1912,shipyardliving.com,215 Quincy Street,54235,Sturgeon Bay,Point,-87.37431,44.83013
Feature,Stone Harbor Resort,21-slip marina located on Sturgeon Bay.,920-746-0700,stoneharbor-resort.com,107 North First Ave,54235,Sturgeon Bay,Point,-87.38016,44.83366
Feature,Alibi Dock Marina,"165 slips for boats up to 125 feet. Provides cable and wireless internet. Guest house, golfing, and a state park nearby.",920-868-3789,alibimarina.com,9484 Spruce St,54212,Fish Creek,Point,-87.24671,45.13017
Feature,Firehouse Marina,"Seasonal slips, moorings and transient slips available for rental. Includes public launch ramp, and restrooms with showers.",920-854-6861,,Water Street S,54211,Ephraim,Point,-87.17016,45.15452
Feature,Ephraim Yacht Club,"Provides gas, diesel, and pump-out.",920-854-4041,eyc.org,10071 Water Street North,54211,Ephraim,Point,-87.17219,45.15974
Feature,Sister Bay Resort and Yacht Club,30-slip private marina provides sheltered dock space for boats up to 35 feet.,920-854-1900,ycsb.com,10673 Regatta Way,54234,Sister Bay,Point,-87.12404,45.18967
Feature,Yacht Works Marina,"Over sixty slips provides power, cable TV, water, fuel, pump-out and full boatyard services. Includes restrooms with showers, laundry, and a ships store.",920-854-2124,yachtworks.net,10967 N. Bay Shore Drive,54234,Sister Bay,Point,-87.11982,45.20265
Feature,Cedar Grove Resort and Harbor,Boat slips in 2 deep water harbors.,920-854-2006,cedargroveresort.com,12037 Cedar Rd,54210,Ellison Bay,Point,-87.07468,45.25434
Feature,Dockside at Gills Rock,"<table width=""330"" border=""0"" cellpadding=""4"" cellspacing=""0""><tr><tr></tr><tr><td colspan=""2"" align=""left""><table width=""100%"" border=""0"" align=""center"" cellpadding=""0"" cellspacing=""0"">  <tr>     <td><font color=""#000099"" size=""+2""><strong>Dockside at Gills Rock</strong></font></td>  </tr>  <tr><td><table width=""98%"">  <tr>  <td width=""13%""></td>  <td>919 Cottage Rd</td>    <tr>    <td width=""13%""></td>    <td>Ellison Bay, WI 54210</td>    </tr></table></table><tr><td><tr><td align=""center""><p><font color=""#000000"">920-854-9400</font></p></td></tr><tr><td colspan=""2""><tr><td colspan=""2"" align=""center"" valign=""top""><hr><a href=""http://www.wisconsincoastalguide.org/"">www.wisconsincoastalguide.org</a></td></tr></table></table></td></tr>",920-854-9400,,919 Cottage Rd,54210,Ellison Bay,Point,-87.02265,45.28778
Feature,Kap's Marina,"Transient and seasonal slip rentals with gas, diesel, pump-out, and a Travelift. Includes restrooms with showers, internet, storage, and bait, tackle and fish licensing.",920-847-2640,kapsmarina.com,189 Lobdell Point Road,54246,Washington Isle,Point,-86.93779,45.33747
Feature,Shipyard Island Marina Inc.,"Full-service marina including boat sales, storage, slip rental, and repairs. Includes laundry, a ship's store, and restaurant.",920-847-2533,shipyardisland.com?,1475 South Shore Drive,54246,Washington Island,Point,-86.90836,45.33953
Feature,Rowley's Bay Resort Marina,Docks include use of the resort amenities plus water and electric hookup.,920 854-2385,wagontrailresort.com,1041 County Road ZZ,54210,Ellison Bay,Point,-87.03377,45.2193
Feature,Bailey's Harbor Yacht Club,"Resort includes 55-slip full service marina, pools, tennis courts, and a restaurant.",920-839-2336,bhycr.com,8151 Ridges Road,54202,Baileys Harbor,Point,-87.09577,45.0652
Feature,Bailey's Harbor Town Marina,"43 slips with gas and diesel refueling, electricity, water, pump-out, four-lit launch ramps, fish cleaning station, and trailer parking. Includes restrooms, showers, and laundry.",920-839-9778,baileysharbor.com,8132 Hwy 57,54202,Baileys Harbor,Point,-87.12257,45.06552
Feature,City of Algoma Marina,"Offers 56 slips for vessels up to 40 ft and includes electricity, water,  gasoline, pump-out and a fish cleaning station. Restrooms, showers and a lounge on site.",920-487-2232,algomacity.org,60 Steele Street,54201,Algoma,Point,-87.43268,44.60728
Feature,Sunrise Cove Marina,"Full service 42-slip marina includes electricity, water, gasoline, and year round travelift. Provides indoor and outdoor storage and minor boat repair.",920-487-3405,sunrisecoveofwi.com,70 Church Street,54201,Algoma,Point,-87.43308,44.60951
Feature,Captain K's Landing,"12 docks and 23 boat slips with electric hookup. Includes fish cleaning station, showers, laundry, and camping.",715-781-4135,captainks.net,325 Navarino Street,54201,Algoma,Point,-87.43978,44.61192
Feature,Kewaunee Marina and Boat Landing,"Boat launch with fish cleaning station. Full service marina with gas, supplies, and sundries.",920-388-3300,cityofkewaunee.org,123 N. Main Street,54216,Kewaunee,Point,-87.50244,44.46347
Feature,Salmon Harbor Marina,"Full service marina, includes ship's store, lounge, laundry, restrooms with showers and storage.",920-388-2120,salmonharbor.net,312 N. Main St,54216,Kewaunee,Point,-87.49897,44.46587
Feature,Twin Cities Marine Inc.,"Provides full service shop, head pump out, showers, fuel, water, electricity, and storage.",920-793-2715?,twincitiesmarine.com,1600 12th Street,54241,Two Rivers,Point,-87.56866,44.14481
Feature,Motts Marina,"Marina includes 50 slips with electricity, water, fuel, and seasonal rental.",920-793-4196,,1900 Jackson Street,54241,Two Rivers,Point,-87.56292,44.15111
Feature,Stop and Dock Marina,"Marina includes 78 slips with electricity, water, fuel, and seasonal rental.",920-793-2906,,2510 West River Street,54241,Two Rivers,Point,-87.57937,44.15666
Feature,West Twin Marina,"<table width=""330"" border=""0"" cellpadding=""4"" cellspacing=""0""><tr><tr></tr><tr><td colspan=""2"" align=""left""><table width=""100%"" border=""0"" align=""center"" cellpadding=""0"" cellspacing=""0"">  <tr>     <td><font color=""#000099"" size=""+2""><strong>West Twin Marina</strong></font></td>  </tr>  <tr><td><table width=""98%"">  <tr>  <td width=""13%""></td>  <td>1509 Monroe Street</td>    <tr>    <td width=""13%""></td>    <td>Two Rivers, WI 54241</td>    </tr></table></table><tr><td><tr><td align=""center""><p><font color=""#000000"">920-794-6112</font></p></td></tr><tr><td colspan=""2""><tr><td colspan=""2"" align=""center"" valign=""top""><hr><a href=""http://www.wisconsincoastalguide.org/"">www.wisconsincoastalguide.org</a></td></tr></table></table></td></tr>",920-794-6112,,1509 Monroe Street,54241,Two Rivers,Point,-87.57179,44.14707
Feature,Skipper Bud's Milwaukee Marina,"Service center offers 20 ton fork lift, mechanical repair facility, storage, restaurant and pub on site.",414-481-7600,skipperbuds.com,1919 South Marina Drive,53207,Milwaukee,Point,-87.90555,43.01015
Feature,South Milwaukee Yacht Club,"96 slip harbor than can accommodate vessels up to 44ft , includes fuel dock, pump-out, winter storage, and clubhouse.",414-762 - 9819,smyc.net,101 Marshall Avenue,53172,Milwaukee,Point,-87.8435,42.90591
Feature,Pugh's Marina,"<table width=""330"" border=""0"" cellpadding=""4"" cellspacing=""0""><tr><tr></tr><tr><td colspan=""2"" align=""left""><table width=""100%"" border=""0"" align=""center"" cellpadding=""0"" cellspacing=""0""><tr><td><font color=""#000099"" size=""+2""><strong>Pugh's Marina</strong></font></td></tr><tr><td><table width=""98%""><tr><td width=""13%""></td><td>1001 Michigan Boulevard</td><tr><td width=""13%""></td><td>Racine, WI 53402</td></tr></table></table><tr><td><tr><td align=""center""><p><font color=""#0000FF""><a href=""http://www.northwoodsboats.com/ycmarinas.html"">northwoodsboats.com</a>&nbsp;&nbsp;&nbsp;&nbsp;&nbsp;&nbsp;</font><strong>|</strong>&nbsp;&nbsp;&nbsp;&nbsp;&nbsp;</strong><font color=""#000000"">262-632-8515</font></p></td></tr><tr><td colspan=""2""><tr><td colspan=""2"" align=""center"" valign=""top""><hr><a href=""http://www.wisconsincoastalguide.org/"">www.wisconsincoastalguide.org</a></td></tr></table></table></td></tr>",262-632-8515,northwoodsboats.com,1001 Michigan Boulevard,53402,Racine,Point,-87.78008,42.73388
Feature,Azarian & Sons Marina,"Slip rentals for power boats and sail boats. Charters, storage, and launch ramp available.",262-637-4153,racine.wi.net,726 Water Street,53403,Racine,Point,-87.78818,42.72812
Feature,Simmons Island Boat Harbor,"Seasonal and temporary slip rental, includes fish cleaning station, fueling, pump-out, and 24-hour security.",262-654-0207,kenosha.org,45th St. and Kennedy Dr,53140,Kenosha,Point,-87.81703,42.59402
Feature,Kenosha Yacht Club,"<table width=""330"" border=""0"" cellpadding=""4"" cellspacing=""0""><tr><tr></tr><tr><td colspan=""2"" align=""left""><table width=""100%"" border=""0"" align=""center"" cellpadding=""0"" cellspacing=""0""><tr><td><font color=""#000099"" size=""+2""><strong>Kenosha Yacht Club</strong></font></td></tr><tr><td><table width=""98%""><tr><td width=""13%""></td><td>5130 4th Avenue</td><tr><td width=""13%""></td><td>Kenosha, WI 53140</td></tr></table></table><tr><td><tr><td align=""center""><p><font color=""#0000FF""><a href=""http://www.kenoshayachtclub.com"">kenoshayachtclub.com</a>&nbsp;&nbsp;&nbsp;&nbsp;&nbsp;&nbsp;</font><strong>|</strong>&nbsp;&nbsp;&nbsp;&nbsp;&nbsp;</strong><font color=""#000000"">262-652-2320</font></p></td></tr><tr><td colspan=""2""><tr><td colspan=""2"" align=""center"" valign=""top""><hr><a href=""http://www.wisconsincoastalguide.org/"">www.wisconsincoastalguide.org</a></td></tr></table></table></td></tr>",262-652-2320,kenoshayachtclub.com,5130 4th Avenue,53140,Kenosha,Point,-87.81656,42.58928
Feature,Prairie Harbor Yacht Club,"Private facility with 151 slips with dock box, water, electricity, cable TV, and dockside pump-out.  Clubhouse has restrooms and laundry.",262-697-3200,prairieharboryachtclub.com,12800 Lakeshore Drive,53158,Pleasant Prairie,Point,-87.80469,42.49478
Feature,Paul's Landing,"Offers over 200 feet of frontage, boat storage, bunkhouses, campsites, and charter fishing availability.",920-336-2147,paulslanding.net,213 Navarino Street,54201,Algoma,Point,-87.43656,44.61031
Feature,Silver Gull Marina,No information for this marina has been provided.,920-839-2330,No Website Provided,8132 Highway 57,54202,Bailey's Harbor,Point,-87.12301,45.06616
Feature,Fish Creek Municipal Dock,"Offers first come first serve boat slips, gas, diesel, pump-out, electricity, water, Wi-Fi, restrooms and showers, launch ramps, and ice.",920-868-3476,townofgibraltar.com,3859 Highway 42,54212,Fish Creek,Point,-87.24518,45.12916
Feature,Bayshore County Park,"Public park that offers boat launch, recreational areas, and overnight mooring.",920-448-4466,recreationparks.net,5367 Sturgeon Bay Road,54301,Green Bay,Point,-87.80353,44.63779
Feature,Villa Marina,No information for this marina has been provided.,262-652-9400,recreationparks.net,4927 7th Ave,53140,Kenosha,Point,-87.81954,42.59097
Feature,Weiss Marina,"Offers 16 to 43 boat slips, picnic areas, restrooms and showers, electricity, water, and proximity to shopping and restaurants.",262-308-4878,weissmarina.com,4927 7th Ave,53140,Kenosha,Point,-87.81921,42.59153
Feature,Harbor Express,"Offers gas and diesel, restrooms, ice, and convenience store amenities.",920-388-2254,No Website Provided,202 Milwaukee St.,54216,Kewaunee,Point,-87.50311,44.46112
Feature,Harborside Yacht Center,"Provides technical support, repair services, refinishing services, installations, and boat storage.",414-273-0711,harborsideyachtcenter.com,700 S. Water St.,53204,Milwaukee,Point,-87.90537,43.02335
Feature,Pier Milwaukee Inc.,"Offers indoor and outdoor boat storage, boat launch, and 40-ton heavy lift.",414-429-7000,piermilwaukee.com,2078 S 4th St.,53207,Milwaukee,Point,-87.9143,43.00709
Feature,Sail Loft,"Offers harbor docking, boat slips, and waterfront access.",414-223-0100,milwaukeesailloft.com,649 E Erie St,53202,Milwaukee,Point,-87.90227,43.02594
Feature,Bender Park Harbor,"Offers waterfront access, boat launch, restrooms, and nearby hiking.",414-257-6100,No Website Provided,9480 Watertown Plank Road,53226,Oak Creek,Point,-87.83926,42.86736
Feature,Fifth Street Yacht Club,Contact for membership information.,262-632-9718,fifthstreetyachtclub.org,PO Box 127,54211,Racine,Point,-87.79153,42.72991
Feature,Harbor Lite Yacht Club,Contact for membership information.,262-634-9280,harborlite.org,559 State Street,53402,Racine,Point,-87.78595,42.73142
Feature,Sheboygan Yacht Club,Contact for membership information.,920-458-6601,sheboyganyachtclub.com,214 Pennsylvania Ave,53081,Sheboygan,Point,-87.70321,43.75009
Feature,Al Johnson's Marina,"Offers boat slips, docking near sister bay.",920-854-2626,aljohnsons.com,702 Bay Shore Dr,54234,Sister Bay,Point,-87.12124,45.1904
Feature,Ellison Bay Town Dock,No information present at this time.,920-421-1974,No Website Provided,12033 Cedar Rd,54234,Sister Bay,Point,-87.075,45.25543
Feature,Seaquist Bay Shore Marina,"Family owned marina capable of handling 10 to 12 boats up to 30 feet in length. This is an all-weather mooring-only facility offering secure mooring, as well as great protection at a reasonable price.",920-854-2478,seaquistbayshore.com,11503 Beach Rd,54234,Sister Bay,Point,-87.1196,45.22985
Feature,Snug Harbor Inn Marina,"Offers 300 feet of water frontage, picnic areas, boat rentals, and cottage rooms and suites.",920-743-2337,snugharborinn.com,1627 Memorial Dr,54235,Sturgeon Bay,Point,-87.35662,44.82366
Feature,Whale's Tail Marina,No information present at this time.,920-434-2263,No Website Provided,1220 Riverside Dr,54173,Saumico,Point,-88.03061,44.63445
Feature,"Island Outpost, Ltd.",No information for this marina is currently available.,920-847-2395,No Website Provided,268 Lobdell Point Rd,54246,Washington Island,Point,-86.93799,45.33971
Feature,Lindgren's Sunrise Marina,Several boat slips available for a 15 dollar per day fee.,920-847-2021,lindgrencottages.com,2002 Indian Point Rd,54246,Washington Island,Point,-86.85718,45.40222
Feature,Jackson Harbor Town Dock,No information available at this time.,920-847-2454,No Website Provided,Jackson Harbor Rd,54246,Washington Island,Point,-86.85497,45.40011
